,tech,tech_specific,Year,Capex_declinefactor,Opex_declinefactor
0,Biogas,Biogas,2015,0.007560696350992657,0.007161163710406981
1,Biogas,Biogas,2016,0.03455344118992798,0.03379293991019949
2,Biogas,Biogas,2017,0.05997542013938073,0.058913225919241086
3,Biogas,Biogas,2018,0.08388711877341848,0.08257931107073091
4,Biogas,Biogas,2019,0.10634902268066071,0.1048484846833162
5,Biogas,Biogas,2020,0.127421617435175,0.1257780360901961
6,Biogas,Biogas,2021,0.14716538855282124,0.1454252545518102
7,Biogas,Biogas,2022,0.1656408216949785,0.16384742938680574
8,Biogas,Biogas,2023,0.1829084023484029,0.18110184991382994
9,Biogas,Biogas,2024,0.1990286161599215,0.19724580546608195
10,Biogas,Biogas,2025,0.21406194863084238,0.2123365853476571
11,Biogas,Biogas,2026,0.22806888534978498,0.2264314788626507
12,Biogas,Biogas,2027,0.2411099119199207,0.23958777528605424
13,Biogas,Biogas,2028,0.2532455138862133,0.2518627639947226
14,Biogas,Biogas,2029,0.264536176880938,0.26331373424909543
15,Biogas,Biogas,2030,0.27504238634719513,0.2739979753678199
16,Biogas,Biogas,2031,0.2848246279900195,0.28397277668409515
17,Biogas,Biogas,2032,0.29394338726706337,0.29329542753112037
18,Biogas,Biogas,2033,0.3024591498542577,0.3020232171547832
19,Biogas,Biogas,2034,0.3104324012529105,0.3102134349028347
20,Biogas,Biogas,2035,0.31792362706619315,0.3179233700793702
21,Biogas,Biogas,2036,0.3249933128390694,0.32521031198848505
22,Biogas,Biogas,2037,0.33170194416015875,0.33213154996337835
23,Biogas,Biogas,2038,0.3381100066326326,0.3387443732790416
24,Biogas,Biogas,2039,0.3442779857577989,0.3451060712977778
25,Biogas,Biogas,2040,0.35026636718248483,0.3512739332654746
26,Biogas,Biogas,2041,0.35613563637889456,0.35730524857353885
27,Biogas,Biogas,2042,0.36194627902295906,0.36325730645330623
28,Biogas,Biogas,2043,0.36775878063053824,0.36918739625252783
29,Biogas,Biogas,2044,0.3736336267902516,0.3751528072898509
30,Biogas,Biogas,2045,0.37963130307616666,0.38121082886937074
31,Biogas,Biogas,2046,0.3858122950186953,0.3874187502951827
32,Biogas,Biogas,2047,0.39223708827921655,0.393833860885934
33,Biogas,Biogas,2048,0.3989661683153827,0.40051344996027183
34,Biogas,Biogas,2049,0.40606002078857273,0.4075148068222916
35,Biogas,Biogas,2050,0.4135791312000947,0.4148952207324328
36,Biogas,Biogas,2051,0.4115308151093439,0.4129353233830846
37,Biogas,Biogas,2052,0.4115308151093439,0.4129353233830846
38,Biogas,Biogas,2053,0.4115308151093439,0.4129353233830846
39,Biogas,Biogas,2054,0.4115308151093439,0.4129353233830846
40,Biogas,Biogas,2055,0.4115308151093439,0.4129353233830846
41,Biogas,Biogas,2056,0.4115308151093439,0.4129353233830846
42,Biogas,Biogas,2057,0.4115308151093439,0.4129353233830846
43,Biogas,Biogas,2058,0.4115308151093439,0.4129353233830846
44,Biogas,Biogas,2059,0.4115308151093439,0.4129353233830846
45,Biogas,Biogas,2060,0.4115308151093439,0.4129353233830846
46,Biogas,Biogas,2061,0.4115308151093439,0.4129353233830846
47,Biogas,Biogas,2062,0.4115308151093439,0.4129353233830846
48,Biogas,Biogas,2063,0.4115308151093439,0.4129353233830846
49,Biogas,Biogas,2064,0.4115308151093439,0.4129353233830846
50,Biogas,Biogas,2065,0.4115308151093439,0.4129353233830846
51,Biomass,Biomass,2015,0.007575757466838695,0.007575757466838695
52,Biomass,Biomass,2016,0.03461624639749061,0.03461624639749061
53,Biomass,Biomass,2017,0.06008250561717432,0.06008250561717432
54,Biomass,Biomass,2018,0.08403514121891931,0.08403514121891931
55,Biomass,Biomass,2019,0.1065347592375474,0.1065347592375474
56,Biomass,Biomass,2020,0.12764196578064002,0.12764196578064002
57,Biomass,Biomass,2021,0.14741736682481132,0.14741736682481132
58,Biomass,Biomass,2022,0.16592156852129847,0.16592156852129847
59,Biomass,Biomass,2023,0.18321517690492328,0.18321517690492328
60,Biomass,Biomass,2024,0.19935879796685185,0.19935879796685185
61,Biomass,Biomass,2025,0.21441303785832133,0.21441303785832133
62,Biomass,Biomass,2026,0.22843850261415355,0.22843850261415355
63,Biomass,Biomass,2027,0.24149579828372225,0.24149579828372225
64,Biomass,Biomass,2028,0.25364553088729735,0.25364553088729735
65,Biomass,Biomass,2029,0.2649483065470122,0.2649483065470122
66,Biomass,Biomass,2030,0.27546473129768856,0.27546473129768856
67,Biomass,Biomass,2031,0.28525541118870024,0.28525541118870024
68,Biomass,Biomass,2032,0.2943809523130767,0.2943809523130767
69,Biomass,Biomass,2033,0.3029019607201917,0.3029019607201917
70,Biomass,Biomass,2034,0.3108790424448671,0.3108790424448671
71,Biomass,Biomass,2035,0.31837280363834,0.31837280363834
72,Biomass,Biomass,2036,0.3254438502190169,0.3254438502190169
73,Biomass,Biomass,2037,0.332152788338135,0.332152788338135
74,Biomass,Biomass,2038,0.33856022405961994,0.33856022405961994
75,Biomass,Biomass,2039,0.34472676340374164,0.34472676340374164
76,Biomass,Biomass,2040,0.35071301243442576,0.35071301243442576
77,Biomass,Biomass,2041,0.3565795772447018,0.3565795772447018
78,Biomass,Biomass,2042,0.36238706385483965,0.36238706385483965
79,Biomass,Biomass,2043,0.36819607837242074,0.36819607837242074
80,Biomass,Biomass,2044,0.374067226817715,0.374067226817715
81,Biomass,Biomass,2045,0.3800611152983038,0.3800611152983038
82,Biomass,Biomass,2046,0.3862383498053532,0.3862383498053532
83,Biomass,Biomass,2047,0.3926595364755485,0.3926595364755485
84,Biomass,Biomass,2048,0.3993852813146077,0.3993852813146077
85,Biomass,Biomass,2049,0.40647619040100835,0.40647619040100835
86,Biomass,Biomass,2050,0.41399286982777994,0.41399286982777994
87,Biomass,Biomass,2051,0.4117647058823529,0.4117647058823529
88,Biomass,Biomass,2052,0.4117647058823529,0.4117647058823529
89,Biomass,Biomass,2053,0.4117647058823529,0.4117647058823529
90,Biomass,Biomass,2054,0.4117647058823529,0.4117647058823529
91,Biomass,Biomass,2055,0.4117647058823529,0.4117647058823529
92,Biomass,Biomass,2056,0.4117647058823529,0.4117647058823529
93,Biomass,Biomass,2057,0.4117647058823529,0.4117647058823529
94,Biomass,Biomass,2058,0.4117647058823529,0.4117647058823529
95,Biomass,Biomass,2059,0.4117647058823529,0.4117647058823529
96,Biomass,Biomass,2060,0.4117647058823529,0.4117647058823529
97,Biomass,Biomass,2061,0.4117647058823529,0.4117647058823529
98,Biomass,Biomass,2062,0.4117647058823529,0.4117647058823529
99,Biomass,Biomass,2063,0.4117647058823529,0.4117647058823529
100,Biomass,Biomass,2064,0.4117647058823529,0.4117647058823529
101,Biomass,Biomass,2065,0.4117647058823529,0.4117647058823529
102,Coal,Coal,2015,0.0,0.0
103,Coal,Coal,2016,0.0,0.0
104,Coal,Coal,2017,0.0,0.0
105,Coal,Coal,2018,0.0,0.0
106,Coal,Coal,2019,0.0,0.0
107,Coal,Coal,2020,0.0,0.0
108,Coal,Coal,2021,0.0,0.0
109,Coal,Coal,2022,0.0,0.0
110,Coal,Coal,2023,0.0,0.0
111,Coal,Coal,2024,0.0,0.0
112,Coal,Coal,2025,0.0,0.0
113,Coal,Coal,2026,0.0,0.0
114,Coal,Coal,2027,0.0,0.0
115,Coal,Coal,2028,0.0,0.0
116,Coal,Coal,2029,0.0,0.0
117,Coal,Coal,2030,0.0,0.0
118,Coal,Coal,2031,0.0,0.0
119,Coal,Coal,2032,0.0,0.0
120,Coal,Coal,2033,0.0,0.0
121,Coal,Coal,2034,0.0,0.0
122,Coal,Coal,2035,0.0,0.0
123,Coal,Coal,2036,0.0,0.0
124,Coal,Coal,2037,0.0,0.0
125,Coal,Coal,2038,0.0,0.0
126,Coal,Coal,2039,0.0,0.0
127,Coal,Coal,2040,0.0,0.0
128,Coal,Coal,2041,0.0,0.0
129,Coal,Coal,2042,0.0,0.0
130,Coal,Coal,2043,0.0,0.0
131,Coal,Coal,2044,0.0,0.0
132,Coal,Coal,2045,0.0,0.0
133,Coal,Coal,2046,0.0,0.0
134,Coal,Coal,2047,0.0,0.0
135,Coal,Coal,2048,0.0,0.0
136,Coal,Coal,2049,0.0,0.0
137,Coal,Coal,2050,0.0,0.0
138,Coal,Coal,2051,0.0,0.0
139,Coal,Coal,2052,0.0,0.0
140,Coal,Coal,2053,0.0,0.0
141,Coal,Coal,2054,0.0,0.0
142,Coal,Coal,2055,0.0,0.0
143,Coal,Coal,2056,0.0,0.0
144,Coal,Coal,2057,0.0,0.0
145,Coal,Coal,2058,0.0,0.0
146,Coal,Coal,2059,0.0,0.0
147,Coal,Coal,2060,0.0,0.0
148,Coal,Coal,2061,0.0,0.0
149,Coal,Coal,2062,0.0,0.0
150,Coal,Coal,2063,0.0,0.0
151,Coal,Coal,2064,0.0,0.0
152,Coal,Coal,2065,0.0,0.0
153,Gas,Gas (CCGT),2015,0.0,0.0
154,Gas,Gas (CCGT),2016,0.0,0.0
155,Gas,Gas (CCGT),2017,0.0,0.0
156,Gas,Gas (CCGT),2018,0.0,0.0
157,Gas,Gas (CCGT),2019,0.0,0.0
158,Gas,Gas (CCGT),2020,0.0,0.0
159,Gas,Gas (CCGT),2021,0.0,0.0
160,Gas,Gas (CCGT),2022,0.0,0.0
161,Gas,Gas (CCGT),2023,0.0,0.0
162,Gas,Gas (CCGT),2024,0.0,0.0
163,Gas,Gas (CCGT),2025,0.0,0.0
164,Gas,Gas (CCGT),2026,0.0,0.0
165,Gas,Gas (CCGT),2027,0.0,0.0
166,Gas,Gas (CCGT),2028,0.0,0.0
167,Gas,Gas (CCGT),2029,0.0,0.0
168,Gas,Gas (CCGT),2030,0.0,0.0
169,Gas,Gas (CCGT),2031,0.0,0.0
170,Gas,Gas (CCGT),2032,0.0,0.0
171,Gas,Gas (CCGT),2033,0.0,0.0
172,Gas,Gas (CCGT),2034,0.0,0.0
173,Gas,Gas (CCGT),2035,0.0,0.0
174,Gas,Gas (CCGT),2036,0.0,0.0
175,Gas,Gas (CCGT),2037,0.0,0.0
176,Gas,Gas (CCGT),2038,0.0,0.0
177,Gas,Gas (CCGT),2039,0.0,0.0
178,Gas,Gas (CCGT),2040,0.0,0.0
179,Gas,Gas (CCGT),2041,0.0,0.0
180,Gas,Gas (CCGT),2042,0.0,0.0
181,Gas,Gas (CCGT),2043,0.0,0.0
182,Gas,Gas (CCGT),2044,0.0,0.0
183,Gas,Gas (CCGT),2045,0.0,0.0
184,Gas,Gas (CCGT),2046,0.0,0.0
185,Gas,Gas (CCGT),2047,0.0,0.0
186,Gas,Gas (CCGT),2048,0.0,0.0
187,Gas,Gas (CCGT),2049,0.0,0.0
188,Gas,Gas (CCGT),2050,0.0,0.0
189,Gas,Gas (CCGT),2051,0.0,0.0
190,Gas,Gas (CCGT),2052,0.0,0.0
191,Gas,Gas (CCGT),2053,0.0,0.0
192,Gas,Gas (CCGT),2054,0.0,0.0
193,Gas,Gas (CCGT),2055,0.0,0.0
194,Gas,Gas (CCGT),2056,0.0,0.0
195,Gas,Gas (CCGT),2057,0.0,0.0
196,Gas,Gas (CCGT),2058,0.0,0.0
197,Gas,Gas (CCGT),2059,0.0,0.0
198,Gas,Gas (CCGT),2060,0.0,0.0
199,Gas,Gas (CCGT),2061,0.0,0.0
200,Gas,Gas (CCGT),2062,0.0,0.0
201,Gas,Gas (CCGT),2063,0.0,0.0
202,Gas,Gas (CCGT),2064,0.0,0.0
203,Gas,Gas (CCGT),2065,0.0,0.0
204,Gas,Gas (OCGT),2015,0.0,0.0
205,Gas,Gas (OCGT),2016,0.0,0.0
206,Gas,Gas (OCGT),2017,0.0,0.0
207,Gas,Gas (OCGT),2018,0.0,0.0
208,Gas,Gas (OCGT),2019,0.0,0.0
209,Gas,Gas (OCGT),2020,0.0,0.0
210,Gas,Gas (OCGT),2021,0.0,0.0
211,Gas,Gas (OCGT),2022,0.0,0.0
212,Gas,Gas (OCGT),2023,0.0,0.0
213,Gas,Gas (OCGT),2024,0.0,0.0
214,Gas,Gas (OCGT),2025,0.0,0.0
215,Gas,Gas (OCGT),2026,0.0,0.0
216,Gas,Gas (OCGT),2027,0.0,0.0
217,Gas,Gas (OCGT),2028,0.0,0.0
218,Gas,Gas (OCGT),2029,0.0,0.0
219,Gas,Gas (OCGT),2030,0.0,0.0
220,Gas,Gas (OCGT),2031,0.0,0.0
221,Gas,Gas (OCGT),2032,0.0,0.0
222,Gas,Gas (OCGT),2033,0.0,0.0
223,Gas,Gas (OCGT),2034,0.0,0.0
224,Gas,Gas (OCGT),2035,0.0,0.0
225,Gas,Gas (OCGT),2036,0.0,0.0
226,Gas,Gas (OCGT),2037,0.0,0.0
227,Gas,Gas (OCGT),2038,0.0,0.0
228,Gas,Gas (OCGT),2039,0.0,0.0
229,Gas,Gas (OCGT),2040,0.0,0.0
230,Gas,Gas (OCGT),2041,0.0,0.0
231,Gas,Gas (OCGT),2042,0.0,0.0
232,Gas,Gas (OCGT),2043,0.0,0.0
233,Gas,Gas (OCGT),2044,0.0,0.0
234,Gas,Gas (OCGT),2045,0.0,0.0
235,Gas,Gas (OCGT),2046,0.0,0.0
236,Gas,Gas (OCGT),2047,0.0,0.0
237,Gas,Gas (OCGT),2048,0.0,0.0
238,Gas,Gas (OCGT),2049,0.0,0.0
239,Gas,Gas (OCGT),2050,0.0,0.0
240,Gas,Gas (OCGT),2051,0.0,0.0
241,Gas,Gas (OCGT),2052,0.0,0.0
242,Gas,Gas (OCGT),2053,0.0,0.0
243,Gas,Gas (OCGT),2054,0.0,0.0
244,Gas,Gas (OCGT),2055,0.0,0.0
245,Gas,Gas (OCGT),2056,0.0,0.0
246,Gas,Gas (OCGT),2057,0.0,0.0
247,Gas,Gas (OCGT),2058,0.0,0.0
248,Gas,Gas (OCGT),2059,0.0,0.0
249,Gas,Gas (OCGT),2060,0.0,0.0
250,Gas,Gas (OCGT),2061,0.0,0.0
251,Gas,Gas (OCGT),2062,0.0,0.0
252,Gas,Gas (OCGT),2063,0.0,0.0
253,Gas,Gas (OCGT),2064,0.0,0.0
254,Gas,Gas (OCGT),2065,0.0,0.0
255,Geothermal,Geothermal,2015,0.00021645021388394525,0.0
256,Geothermal,Geothermal,2016,0.010971791381052753,0.0
257,Geothermal,Geothermal,2017,0.021585998759292124,0.0
258,Geothermal,Geothermal,2018,0.03206207379753323,0.0
259,Geothermal,Geothermal,2019,0.04240301793379331,0.0
260,Geothermal,Geothermal,2020,0.05261183260972757,0.0
261,Geothermal,Geothermal,2021,0.0626915192724482,0.0
262,Geothermal,Geothermal,2022,0.07264507936451992,0.0
263,Geothermal,Geothermal,2023,0.08247551432486944,0.0
264,Geothermal,Geothermal,2024,0.09218582560151845,0.0
265,Geothermal,Geothermal,2025,0.10177901463521266,0.0
266,Geothermal,Geothermal,2026,0.11125808287033578,0.0
267,Geothermal,Geothermal,2027,0.12062603174581454,0.0
268,Geothermal,Geothermal,2028,0.12988586270694213,0.0
269,Geothermal,Geothermal,2029,0.13904057720083074,0.0
270,Geothermal,Geothermal,2030,0.1480931766636786,0.0
271,Geothermal,Geothermal,2031,0.1570466625435074,0.0
272,Geothermal,Geothermal,2032,0.16590403628197237,0.0
273,Geothermal,Geothermal,2033,0.1746682993198192,0.0
274,Geothermal,Geothermal,2034,0.1833424531023411,0.0
275,Geothermal,Geothermal,2035,0.19192949907301227,0.0
276,Geothermal,Geothermal,2036,0.20043243867348792,0.0
277,Geothermal,Geothermal,2037,0.20885427334542328,0.0
278,Geothermal,Geothermal,2038,0.21719800453411153,0.0
279,Geothermal,Geothermal,2039,0.22546663368393638,0.0
280,Geothermal,Geothermal,2040,0.23366316223655303,0.0
281,Geothermal,Geothermal,2041,0.24179059163088823,0.0
282,Geothermal,Geothermal,2042,0.24985192331496364,0.0
283,Geothermal,Geothermal,2043,0.257850158731344,0.0
284,Geothermal,Geothermal,2044,0.26578829932168446,0.0
285,Geothermal,Geothermal,2045,0.2736693465258213,0.0
286,Geothermal,Geothermal,2046,0.2814963017926857,0.0
287,Geothermal,Geothermal,2047,0.28927216656484234,0.0
288,Geothermal,Geothermal,2048,0.29699994227939897,0.0
289,Geothermal,Geothermal,2049,0.30468263038346777,0.0
290,Geothermal,Geothermal,2050,0.31232323232234194,0.0
291,Geothermal,Geothermal,2051,0.31238095238095237,0.0
292,Geothermal,Geothermal,2052,0.31238095238095237,0.0
293,Geothermal,Geothermal,2053,0.31238095238095237,0.0
294,Geothermal,Geothermal,2054,0.31238095238095237,0.0
295,Geothermal,Geothermal,2055,0.31238095238095237,0.0
296,Geothermal,Geothermal,2056,0.31238095238095237,0.0
297,Geothermal,Geothermal,2057,0.31238095238095237,0.0
298,Geothermal,Geothermal,2058,0.31238095238095237,0.0
299,Geothermal,Geothermal,2059,0.31238095238095237,0.0
300,Geothermal,Geothermal,2060,0.31238095238095237,0.0
301,Geothermal,Geothermal,2061,0.31238095238095237,0.0
302,Geothermal,Geothermal,2062,0.31238095238095237,0.0
303,Geothermal,Geothermal,2063,0.31238095238095237,0.0
304,Geothermal,Geothermal,2064,0.31238095238095237,0.0
305,Geothermal,Geothermal,2065,0.31238095238095237,0.0
306,Hydro,Hydro (Dam),2015,0.0,0.0
307,Hydro,Hydro (Dam),2016,0.0,0.0
308,Hydro,Hydro (Dam),2017,0.0,0.0
309,Hydro,Hydro (Dam),2018,0.0,0.0
310,Hydro,Hydro (Dam),2019,0.0,0.0
311,Hydro,Hydro (Dam),2020,0.0,0.0
312,Hydro,Hydro (Dam),2021,0.0,0.0
313,Hydro,Hydro (Dam),2022,0.0,0.0
314,Hydro,Hydro (Dam),2023,0.0,0.0
315,Hydro,Hydro (Dam),2024,0.0,0.0
316,Hydro,Hydro (Dam),2025,0.0,0.0
317,Hydro,Hydro (Dam),2026,0.0,0.0
318,Hydro,Hydro (Dam),2027,0.0,0.0
319,Hydro,Hydro (Dam),2028,0.0,0.0
320,Hydro,Hydro (Dam),2029,0.0,0.0
321,Hydro,Hydro (Dam),2030,0.0,0.0
322,Hydro,Hydro (Dam),2031,0.0,0.0
323,Hydro,Hydro (Dam),2032,0.0,0.0
324,Hydro,Hydro (Dam),2033,0.0,0.0
325,Hydro,Hydro (Dam),2034,0.0,0.0
326,Hydro,Hydro (Dam),2035,0.0,0.0
327,Hydro,Hydro (Dam),2036,0.0,0.0
328,Hydro,Hydro (Dam),2037,0.0,0.0
329,Hydro,Hydro (Dam),2038,0.0,0.0
330,Hydro,Hydro (Dam),2039,0.0,0.0
331,Hydro,Hydro (Dam),2040,0.0,0.0
332,Hydro,Hydro (Dam),2041,0.0,0.0
333,Hydro,Hydro (Dam),2042,0.0,0.0
334,Hydro,Hydro (Dam),2043,0.0,0.0
335,Hydro,Hydro (Dam),2044,0.0,0.0
336,Hydro,Hydro (Dam),2045,0.0,0.0
337,Hydro,Hydro (Dam),2046,0.0,0.0
338,Hydro,Hydro (Dam),2047,0.0,0.0
339,Hydro,Hydro (Dam),2048,0.0,0.0
340,Hydro,Hydro (Dam),2049,0.0,0.0
341,Hydro,Hydro (Dam),2050,0.0,0.0
342,Hydro,Hydro (Dam),2051,0.0,0.0
343,Hydro,Hydro (Dam),2052,0.0,0.0
344,Hydro,Hydro (Dam),2053,0.0,0.0
345,Hydro,Hydro (Dam),2054,0.0,0.0
346,Hydro,Hydro (Dam),2055,0.0,0.0
347,Hydro,Hydro (Dam),2056,0.0,0.0
348,Hydro,Hydro (Dam),2057,0.0,0.0
349,Hydro,Hydro (Dam),2058,0.0,0.0
350,Hydro,Hydro (Dam),2059,0.0,0.0
351,Hydro,Hydro (Dam),2060,0.0,0.0
352,Hydro,Hydro (Dam),2061,0.0,0.0
353,Hydro,Hydro (Dam),2062,0.0,0.0
354,Hydro,Hydro (Dam),2063,0.0,0.0
355,Hydro,Hydro (Dam),2064,0.0,0.0
356,Hydro,Hydro (Dam),2065,0.0,0.0
357,Hydro,Hydro (RoR),2015,0.0,0.0
358,Hydro,Hydro (RoR),2016,0.0,0.0
359,Hydro,Hydro (RoR),2017,0.0,0.0
360,Hydro,Hydro (RoR),2018,0.0,0.0
361,Hydro,Hydro (RoR),2019,0.0,0.0
362,Hydro,Hydro (RoR),2020,0.0,0.0
363,Hydro,Hydro (RoR),2021,0.0,0.0
364,Hydro,Hydro (RoR),2022,0.0,0.0
365,Hydro,Hydro (RoR),2023,0.0,0.0
366,Hydro,Hydro (RoR),2024,0.0,0.0
367,Hydro,Hydro (RoR),2025,0.0,0.0
368,Hydro,Hydro (RoR),2026,0.0,0.0
369,Hydro,Hydro (RoR),2027,0.0,0.0
370,Hydro,Hydro (RoR),2028,0.0,0.0
371,Hydro,Hydro (RoR),2029,0.0,0.0
372,Hydro,Hydro (RoR),2030,0.0,0.0
373,Hydro,Hydro (RoR),2031,0.0,0.0
374,Hydro,Hydro (RoR),2032,0.0,0.0
375,Hydro,Hydro (RoR),2033,0.0,0.0
376,Hydro,Hydro (RoR),2034,0.0,0.0
377,Hydro,Hydro (RoR),2035,0.0,0.0
378,Hydro,Hydro (RoR),2036,0.0,0.0
379,Hydro,Hydro (RoR),2037,0.0,0.0
380,Hydro,Hydro (RoR),2038,0.0,0.0
381,Hydro,Hydro (RoR),2039,0.0,0.0
382,Hydro,Hydro (RoR),2040,0.0,0.0
383,Hydro,Hydro (RoR),2041,0.0,0.0
384,Hydro,Hydro (RoR),2042,0.0,0.0
385,Hydro,Hydro (RoR),2043,0.0,0.0
386,Hydro,Hydro (RoR),2044,0.0,0.0
387,Hydro,Hydro (RoR),2045,0.0,0.0
388,Hydro,Hydro (RoR),2046,0.0,0.0
389,Hydro,Hydro (RoR),2047,0.0,0.0
390,Hydro,Hydro (RoR),2048,0.0,0.0
391,Hydro,Hydro (RoR),2049,0.0,0.0
392,Hydro,Hydro (RoR),2050,0.0,0.0
393,Hydro,Hydro (RoR),2051,0.0,0.0
394,Hydro,Hydro (RoR),2052,0.0,0.0
395,Hydro,Hydro (RoR),2053,0.0,0.0
396,Hydro,Hydro (RoR),2054,0.0,0.0
397,Hydro,Hydro (RoR),2055,0.0,0.0
398,Hydro,Hydro (RoR),2056,0.0,0.0
399,Hydro,Hydro (RoR),2057,0.0,0.0
400,Hydro,Hydro (RoR),2058,0.0,0.0
401,Hydro,Hydro (RoR),2059,0.0,0.0
402,Hydro,Hydro (RoR),2060,0.0,0.0
403,Hydro,Hydro (RoR),2061,0.0,0.0
404,Hydro,Hydro (RoR),2062,0.0,0.0
405,Hydro,Hydro (RoR),2063,0.0,0.0
406,Hydro,Hydro (RoR),2064,0.0,0.0
407,Hydro,Hydro (RoR),2065,0.0,0.0
408,Methanation,Methanation,2015,-0.014012072148034349,-0.013536379352444783
409,Methanation,Methanation,2016,0.031111498101381585,0.03187430475372821
410,Methanation,Methanation,2017,0.07369190147437621,0.07469954047701322
411,Methanation,Methanation,2018,0.11381487338803709,0.11502731424116064
412,Methanation,Methanation,2019,0.15156614921579603,0.15294561252812855
413,Methanation,Methanation,2020,0.18703146438929252,0.18854242184897885
414,Methanation,Methanation,2021,0.22029655435471795,0.2219057285983581
415,Methanation,Methanation,2022,0.25144715439819265,0.2531235192582244
416,Methanation,Methanation,2023,0.2805690000677714,0.2822837803250877
417,Methanation,Methanation,2024,0.30774782664957456,0.3094744982372504
418,Methanation,Methanation,2025,0.33306936963344924,0.33478365949122235
419,Methanation,Methanation,2026,0.3566193643491715,0.35829925049620215
420,Methanation,Methanation,2027,0.3784835462720366,0.3801092577195959
421,Methanation,Methanation,2028,0.39874765068816487,0.4003016677015694
422,Methanation,Methanation,2029,0.41749741311650723,0.41896446685132105
423,Methanation,Methanation,2030,0.43481856893049553,0.4361856415926013
424,Methanation,Methanation,2031,0.4507968535181135,0.452053178451024
425,Methanation,Methanation,2032,0.46551800228189677,0.4666550638648914
426,Methanation,Methanation,2033,0.479067750624381,0.48007928431616165
427,Methanation,Methanation,2034,0.49153183396265376,0.492413826243137
428,Methanation,Methanation,2035,0.5029959877283545,0.5037466761132237
429,Methanation,Methanation,2036,0.5135459472221555,0.5141658204229316
430,Methanation,Methanation,2037,0.5232674479484558,0.523759245625115
431,Methanation,Methanation,2038,0.5322462252370315,0.5326149381580763
432,Methanation,Methanation,2039,0.5405680145631777,0.5408208844892215
433,Methanation,Methanation,2040,0.5483185513003264,0.5484650710859569
434,Methanation,Methanation,2041,0.5555835708364611,0.5556354844302405
435,Methanation,Methanation,2042,0.5624488085595658,0.5624201109894784
436,Methanation,Methanation,2043,0.5689999999303836,0.5689069371583173
437,Methanation,Methanation,2044,0.5753228802786907,0.5751839494769229
438,Methanation,Methanation,2045,0.5815031850943342,0.5813391344127012
439,Methanation,Methanation,2046,0.5876266496925382,0.5874604783894029
440,Methanation,Methanation,2047,0.5937790095194941,0.5936359678744338
441,Methanation,Methanation,2048,0.6000460000068415,0.5999535893352004
442,Methanation,Methanation,2049,0.6065133565280121,0.6065013292536605
443,Methanation,Methanation,2050,0.6132668144564377,0.6133671740972204
444,Methanation,Methanation,2051,0.6138211382113821,0.6142131979695431
445,Methanation,Methanation,2052,0.6138211382113821,0.6142131979695431
446,Methanation,Methanation,2053,0.6138211382113821,0.6142131979695431
447,Methanation,Methanation,2054,0.6138211382113821,0.6142131979695431
448,Methanation,Methanation,2055,0.6138211382113821,0.6142131979695431
449,Methanation,Methanation,2056,0.6138211382113821,0.6142131979695431
450,Methanation,Methanation,2057,0.6138211382113821,0.6142131979695431
451,Methanation,Methanation,2058,0.6138211382113821,0.6142131979695431
452,Methanation,Methanation,2059,0.6138211382113821,0.6142131979695431
453,Methanation,Methanation,2060,0.6138211382113821,0.6142131979695431
454,Methanation,Methanation,2061,0.6138211382113821,0.6142131979695431
455,Methanation,Methanation,2062,0.6138211382113821,0.6142131979695431
456,Methanation,Methanation,2063,0.6138211382113821,0.6142131979695431
457,Methanation,Methanation,2064,0.6138211382113821,0.6142131979695431
458,Methanation,Methanation,2065,0.6138211382113821,0.6142131979695431
459,Nuclear,Nuclear,2015,0.004713804766652174,0.0030864200816722587
460,Nuclear,Nuclear,2016,0.006774603214580566,0.0028136393084423617
461,Nuclear,Nuclear,2017,0.009387782607518602,0.004090535221621394
462,Nuclear,Nuclear,2018,0.0125169793391251,0.006826572818681598
463,Nuclear,Nuclear,2019,0.016125829744851217,0.01093121714075096
464,Nuclear,Nuclear,2020,0.03333333333333333,0.030864197530864196
465,Nuclear,Nuclear,2021,0.03333333333333333,0.030864197530864196
466,Nuclear,Nuclear,2022,0.03333333333333333,0.030864197530864196
467,Nuclear,Nuclear,2023,0.03333333333333333,0.030864197530864196
468,Nuclear,Nuclear,2024,0.03333333333333333,0.030864197530864196
469,Nuclear,Nuclear,2025,0.03333333333333333,0.030864197530864196
470,Nuclear,Nuclear,2026,0.03333333333333333,0.030864197530864196
471,Nuclear,Nuclear,2027,0.03333333333333333,0.030864197530864196
472,Nuclear,Nuclear,2028,0.03333333333333333,0.030864197530864196
473,Nuclear,Nuclear,2029,0.03333333333333333,0.030864197530864196
474,Nuclear,Nuclear,2030,0.08888888888888889,0.15432098765432098
475,Nuclear,Nuclear,2031,0.08888888888888889,0.15432098765432098
476,Nuclear,Nuclear,2032,0.08888888888888889,0.15432098765432098
477,Nuclear,Nuclear,2033,0.08888888888888889,0.15432098765432098
478,Nuclear,Nuclear,2034,0.08888888888888889,0.15432098765432098
479,Nuclear,Nuclear,2035,0.08888888888888889,0.15432098765432098
480,Nuclear,Nuclear,2036,0.08888888888888889,0.15432098765432098
481,Nuclear,Nuclear,2037,0.08888888888888889,0.15432098765432098
482,Nuclear,Nuclear,2038,0.08888888888888889,0.15432098765432098
483,Nuclear,Nuclear,2039,0.08888888888888889,0.15432098765432098
484,Nuclear,Nuclear,2040,0.15555555555555556,0.2839506172839506
485,Nuclear,Nuclear,2041,0.15555555555555556,0.2839506172839506
486,Nuclear,Nuclear,2042,0.15555555555555556,0.2839506172839506
487,Nuclear,Nuclear,2043,0.15555555555555556,0.2839506172839506
488,Nuclear,Nuclear,2044,0.15555555555555556,0.2839506172839506
489,Nuclear,Nuclear,2045,0.15555555555555556,0.2839506172839506
490,Nuclear,Nuclear,2046,0.15555555555555556,0.2839506172839506
491,Nuclear,Nuclear,2047,0.15555555555555556,0.2839506172839506
492,Nuclear,Nuclear,2048,0.15555555555555556,0.2839506172839506
493,Nuclear,Nuclear,2049,0.15555555555555556,0.2839506172839506
494,Nuclear,Nuclear,2050,0.16666666666666666,0.3271604938271605
495,Nuclear,Nuclear,2051,0.16666666666666666,0.3271604938271605
496,Nuclear,Nuclear,2052,0.16666666666666666,0.3271604938271605
497,Nuclear,Nuclear,2053,0.16666666666666666,0.3271604938271605
498,Nuclear,Nuclear,2054,0.16666666666666666,0.3271604938271605
499,Nuclear,Nuclear,2055,0.16666666666666666,0.3271604938271605
500,Nuclear,Nuclear,2056,0.16666666666666666,0.3271604938271605
501,Nuclear,Nuclear,2057,0.16666666666666666,0.3271604938271605
502,Nuclear,Nuclear,2058,0.16666666666666666,0.3271604938271605
503,Nuclear,Nuclear,2059,0.16666666666666666,0.3271604938271605
504,Nuclear,Nuclear,2060,0.16666666666666666,0.3271604938271605
505,Nuclear,Nuclear,2061,0.16666666666666666,0.3271604938271605
506,Nuclear,Nuclear,2062,0.16666666666666666,0.3271604938271605
507,Nuclear,Nuclear,2063,0.16666666666666666,0.3271604938271605
508,Nuclear,Nuclear,2064,0.16666666666666666,0.3271604938271605
509,Nuclear,Nuclear,2065,0.16666666666666666,0.3271604938271605
510,Power to Heat,Power to Heat (PtH),2015,0.003030302978004329,0.003030302956176456
511,Power to Heat,Power to Heat (PtH),2016,0.04655238089617342,0.04655238089617342
512,Power to Heat,Power to Heat (PtH),2017,0.08824588739662431,0.08824588739662431
513,Power to Heat,Power to Heat (PtH),2018,0.12813506490783766,0.12813506487873383
514,Power to Heat,Power to Heat (PtH),2019,0.16624415581463836,0.16624415580008645
515,Power to Heat,Power to Heat (PtH),2020,0.20259740256005898,0.20259740256005898
516,Power to Heat,Power to Heat (PtH),2021,0.237219047601684,0.23721904757258017
517,Power to Heat,Power to Heat (PtH),2022,0.27013333331706235,0.2701333332952345
518,Power to Heat,Power to Heat (PtH),2023,0.3013645021346747,0.30136450214195065
519,Power to Heat,Power to Heat (PtH),2024,0.3309367965266574,0.3309367965121055
520,Power to Heat,Power to Heat (PtH),2025,0.4,0.4000000000000001
521,Power to Heat,Power to Heat (PtH),2026,0.4,0.4000000000000001
522,Power to Heat,Power to Heat (PtH),2027,0.4,0.4000000000000001
523,Power to Heat,Power to Heat (PtH),2028,0.4,0.4000000000000001
524,Power to Heat,Power to Heat (PtH),2029,0.4,0.4000000000000001
525,Power to Heat,Power to Heat (PtH),2030,0.4,0.4000000000000001
526,Power to Heat,Power to Heat (PtH),2031,0.4,0.4000000000000001
527,Power to Heat,Power to Heat (PtH),2032,0.4,0.4000000000000001
528,Power to Heat,Power to Heat (PtH),2033,0.4,0.4000000000000001
529,Power to Heat,Power to Heat (PtH),2034,0.4,0.4000000000000001
530,Power to Heat,Power to Heat (PtH),2035,0.6,0.6
531,Power to Heat,Power to Heat (PtH),2036,0.6,0.6
532,Power to Heat,Power to Heat (PtH),2037,0.6,0.6
533,Power to Heat,Power to Heat (PtH),2038,0.6,0.6
534,Power to Heat,Power to Heat (PtH),2039,0.6,0.6
535,Power to Heat,Power to Heat (PtH),2040,0.6,0.6
536,Power to Heat,Power to Heat (PtH),2041,0.6,0.6
537,Power to Heat,Power to Heat (PtH),2042,0.6,0.6
538,Power to Heat,Power to Heat (PtH),2043,0.6,0.6
539,Power to Heat,Power to Heat (PtH),2044,0.6,0.6
540,Power to Heat,Power to Heat (PtH),2045,0.6,0.6
541,Power to Heat,Power to Heat (PtH),2046,0.6,0.6
542,Power to Heat,Power to Heat (PtH),2047,0.6,0.6
543,Power to Heat,Power to Heat (PtH),2048,0.6,0.6
544,Power to Heat,Power to Heat (PtH),2049,0.6,0.6
545,Power to Heat,Power to Heat (PtH),2050,0.6,0.6
546,Power to Heat,Power to Heat (PtH),2051,0.6,0.6
547,Power to Heat,Power to Heat (PtH),2052,0.6,0.6
548,Power to Heat,Power to Heat (PtH),2053,0.6,0.6
549,Power to Heat,Power to Heat (PtH),2054,0.6,0.6
550,Power to Heat,Power to Heat (PtH),2055,0.6,0.6
551,Power to Heat,Power to Heat (PtH),2056,0.6,0.6
552,Power to Heat,Power to Heat (PtH),2057,0.6,0.6
553,Power to Heat,Power to Heat (PtH),2058,0.6,0.6
554,Power to Heat,Power to Heat (PtH),2059,0.6,0.6
555,Power to Heat,Power to Heat (PtH),2060,0.6,0.6
556,Power to Heat,Power to Heat (PtH),2061,0.6,0.6
557,Power to Heat,Power to Heat (PtH),2062,0.6,0.6
558,Power to Heat,Power to Heat (PtH),2063,0.6,0.6
559,Power to Heat,Power to Heat (PtH),2064,0.6,0.6
560,Power to Heat,Power to Heat (PtH),2065,0.6,0.6
561,Solar CSP,Solar CSP,2015,0.007329593616304919,0.007936507667182013
562,Solar CSP,Solar CSP,2016,0.05257824348518625,0.05339531344361603
563,Solar CSP,Solar CSP,2017,0.09459679544670507,0.09558276616735384
564,Solar CSP,Solar CSP,2018,0.1335198264569044,0.13463643213617615
565,Solar CSP,Solar CSP,2019,0.16948191326810047,0.1706938773568254
566,Solar CSP,Solar CSP,2020,0.20261763283633627,0.2038926679524593
567,Solar CSP,Solar CSP,2021,0.23306156211765483,0.2343703701335471
568,Solar CSP,Solar CSP,2022,0.26094827774795704,0.2622645500814542
569,Solar CSP,Solar CSP,2023,0.2864123568870127,0.2877127738611307
570,Solar CSP,Solar CSP,2024,0.3095883761125151,0.31085260753752664
571,Solar CSP,Solar CSP,2025,0.3306109126715455,0.33182161732111126
572,Solar CSP,Solar CSP,2026,0.34961454299627803,0.35075736948056147
573,Solar CSP,Solar CSP,2027,0.36673384433379397,0.3677974299353082
574,Solar CSP,Solar CSP,2028,0.38210339334909804,0.38307936492492445
575,Solar CSP,Solar CSP,2029,0.39585776705644093,0.3967407405434642
576,Solar CSP,Solar CSP,2030,0.408131542179035,0.4089191230305005
577,Solar CSP,Solar CSP,2031,0.419059295731131,0.4197520784800872
578,Solar CSP,Solar CSP,2032,0.4287756044359412,0.4293771729862783
579,Solar CSP,Solar CSP,2033,0.437415045365924,0.43793197264312766
580,Solar CSP,Solar CSP,2034,0.44511219518608414,0.44555404369020835
581,Solar CSP,Solar CSP,2035,0.45200163102708757,0.4523809522797819
582,Solar CSP,Solar CSP,2036,0.45821792946662754,0.4585502644185908
583,Solar CSP,Solar CSP,2037,0.4638956676062662,0.4641995463753119
584,Solar CSP,Solar CSP,2038,0.46916942214011215,0.4694663642148953
585,Solar CSP,Solar CSP,2039,0.4741737701406237,0.4744882840604987
586,Solar CSP,Solar CSP,2040,0.4790432883310132,0.47940287209348753
587,Solar CSP,Solar CSP,2041,0.48391255366732366,0.484347694524331
588,Solar CSP,Solar CSP,2042,0.48891614298918284,0.4894603173597716
589,Solar CSP,Solar CSP,2043,0.4941886331944261,0.4948783067520708
590,Solar CSP,Solar CSP,2044,0.49986460112268105,0.500739228882594
591,Solar CSP,Solar CSP,2045,0.5060786236717831,0.5071806499036029
592,Solar CSP,Solar CSP,2046,0.5129652777686715,0.5143401359382551
593,Solar CSP,Solar CSP,2047,0.5206591401365586,0.5223552530806046
594,Solar CSP,Solar CSP,2048,0.5292947878187988,0.5313635674538091
595,Solar CSP,Solar CSP,2049,0.5390067975968122,0.5415026453265455
596,Solar CSP,Solar CSP,2050,0.5499297463975381,0.5529100527637638
597,Solar CSP,Solar CSP,2051,0.5445418035779481,0.5476190476190476
598,Solar CSP,Solar CSP,2052,0.5445418035779481,0.5476190476190476
599,Solar CSP,Solar CSP,2053,0.5445418035779481,0.5476190476190476
600,Solar CSP,Solar CSP,2054,0.5445418035779481,0.5476190476190476
601,Solar CSP,Solar CSP,2055,0.5445418035779481,0.5476190476190476
602,Solar CSP,Solar CSP,2056,0.5445418035779481,0.5476190476190476
603,Solar CSP,Solar CSP,2057,0.5445418035779481,0.5476190476190476
604,Solar CSP,Solar CSP,2058,0.5445418035779481,0.5476190476190476
605,Solar CSP,Solar CSP,2059,0.5445418035779481,0.5476190476190476
606,Solar CSP,Solar CSP,2060,0.5445418035779481,0.5476190476190476
607,Solar CSP,Solar CSP,2061,0.5445418035779481,0.5476190476190476
608,Solar CSP,Solar CSP,2062,0.5445418035779481,0.5476190476190476
609,Solar CSP,Solar CSP,2063,0.5445418035779481,0.5476190476190476
610,Solar CSP,Solar CSP,2064,0.5445418035779481,0.5476190476190476
611,Solar CSP,Solar CSP,2065,0.5445418035779481,0.5476190476190476
612,Solar PV,Solar PV (rooftop),2015,0.013952894776593894,0.0031194294497254305
613,Solar PV,Solar PV (rooftop),2016,0.08082964218920097,0.031022408838907722
614,Solar PV,Solar PV (rooftop),2017,0.1426821578061208,0.05766488402878167
615,Solar PV,Solar PV (rooftop),2018,0.19971904810518026,0.08309141827339772
616,Solar PV,Solar PV (rooftop),2019,0.2521489189239219,0.10734657488501398
617,Solar PV,Solar PV (rooftop),2020,0.3001803765655495,0.1304749171322328
618,Solar PV,Solar PV (rooftop),2021,0.3440220272168517,0.1525210083127604
619,Solar PV,Solar PV (rooftop),2022,0.3838824772974476,0.17352941165154334
620,Solar PV,Solar PV (rooftop),2023,0.4199703325284645,0.19354469050449552
621,Solar PV,Solar PV (rooftop),2024,0.45249419938772917,0.2126114081038395
622,Solar PV,Solar PV (rooftop),2025,0.4816626842948608,0.2307741277400055
623,Solar PV,Solar PV (rooftop),2026,0.5076843928545713,0.24807741268887185
624,Solar PV,Solar PV (rooftop),2027,0.5307679316611029,0.2645658262408688
625,Solar PV,Solar PV (rooftop),2028,0.5511219068430364,0.2802839316864265
626,Solar PV,Solar PV (rooftop),2029,0.5689549244125374,0.2952762922432157
627,Solar PV,Solar PV (rooftop),2030,0.5844755907310173,0.30958747126715025
628,Solar PV,Solar PV (rooftop),2031,0.5978925119270571,0.3232620320195565
629,Solar PV,Solar PV (rooftop),2032,0.6094142942456529,0.336344537739933
630,Solar PV,Solar PV (rooftop),2033,0.6192495435825549,0.34887955174053786
631,Solar PV,Solar PV (rooftop),2034,0.6276068664737977,0.3609116373118013
632,Solar PV,Solar PV (rooftop),2035,0.6346948689897545,0.37248535771504976
633,Solar PV,Solar PV (rooftop),2036,0.6407221572007984,0.38364527621888556
634,Solar PV,Solar PV (rooftop),2037,0.6458973375847563,0.39443595612829085
635,Solar PV,Solar PV (rooftop),2038,0.6504290159791708,0.40490196071914397
636,Solar PV,Solar PV (rooftop),2039,0.654525798629038,0.41508785324549535
637,Solar PV,Solar PV (rooftop),2040,0.6583962919539772,0.42503819701232715
638,Solar PV,Solar PV (rooftop),2041,0.6622491019079462,0.4347975553100696
639,Solar PV,Solar PV (rooftop),2042,0.6662928346777335,0.4444104913927731
640,Solar PV,Solar PV (rooftop),2043,0.6707360966247506,0.45392156855086796
641,Solar PV,Solar PV (rooftop),2044,0.6757874938775785,0.4633753500529565
642,Solar PV,Solar PV (rooftop),2045,0.681655632390175,0.4728163992112968
643,Solar PV,Solar PV (rooftop),2046,0.6885491186403669,0.4822892792581115
644,Solar PV,Solar PV (rooftop),2047,0.6966765586985275,0.4918385535129346
645,Solar PV,Solar PV (rooftop),2048,0.7062465586932376,0.5015087852443685
646,Solar PV,Solar PV (rooftop),2049,0.7174677247530781,0.5113445377355674
647,Solar PV,Solar PV (rooftop),2050,0.7305486634722911,0.5213903742405819
648,Solar PV,Solar PV (rooftop),2051,0.7214162387742089,0.5196078431372544
649,Solar PV,Solar PV (rooftop),2052,0.7214162387742089,0.5196078431372544
650,Solar PV,Solar PV (rooftop),2053,0.7214162387742089,0.5196078431372544
651,Solar PV,Solar PV (rooftop),2054,0.7214162387742089,0.5196078431372544
652,Solar PV,Solar PV (rooftop),2055,0.7214162387742089,0.5196078431372544
653,Solar PV,Solar PV (rooftop),2056,0.7214162387742089,0.5196078431372544
654,Solar PV,Solar PV (rooftop),2057,0.7214162387742089,0.5196078431372544
655,Solar PV,Solar PV (rooftop),2058,0.7214162387742089,0.5196078431372544
656,Solar PV,Solar PV (rooftop),2059,0.7214162387742089,0.5196078431372544
657,Solar PV,Solar PV (rooftop),2060,0.7214162387742089,0.5196078431372544
658,Solar PV,Solar PV (rooftop),2061,0.7214162387742089,0.5196078431372544
659,Solar PV,Solar PV (rooftop),2062,0.7214162387742089,0.5196078431372544
660,Solar PV,Solar PV (rooftop),2063,0.7214162387742089,0.5196078431372544
661,Solar PV,Solar PV (rooftop),2064,0.7214162387742089,0.5196078431372544
662,Solar PV,Solar PV (rooftop),2065,0.7214162387742089,0.5196078431372544
663,Solar PV,Solar PV (utility),2015,0.031897232111077756,0.02163250948069617
664,Solar PV,Solar PV (utility),2016,0.11350492661586031,0.08700577990384772
665,Solar PV,Solar PV (utility),2017,0.18810491892509162,0.14721857680706307
666,Solar PV,Solar PV (utility),2018,0.2560126773896627,0.20249791018432006
667,Solar PV,Solar PV (utility),2019,0.31754366925451905,0.2530707900878042
668,Solar PV,Solar PV (utility),2020,0.373013362463098,0.299164226569701
669,Solar PV,Solar PV (utility),2021,0.4227372247260064,0.34100522950757295
670,Solar PV,Solar PV (utility),2022,0.4670307237538509,0.3788208089536056
671,Solar PV,Solar PV (utility),2023,0.5062093271990307,0.4128379747271538
672,Solar PV,Solar PV (utility),2024,0.5405885027139448,0.4432837371714413
673,Solar PV,Solar PV (utility),2025,0.5704837183584459,0.47038510598940775
674,Solar PV,Solar PV (utility),2026,0.5962104414938949,0.4943690911750309
675,Solar PV,Solar PV (utility),2027,0.6180841399473138,0.515462702664081
676,Solar PV,Solar PV (utility),2028,0.6364202814875171,0.5338929507415742
677,Solar PV,Solar PV (utility),2029,0.651534333883319,0.5498868451104499
678,Solar PV,Solar PV (utility),2030,0.6637417647289112,0.5636713957064785
679,Solar PV,Solar PV (utility),2031,0.6733580417349003,0.5754736128728837
680,Solar PV,Solar PV (utility),2032,0.6806986328447238,0.585520506312605
681,Solar PV,Solar PV (utility),2033,0.6860790055361576,0.5940390859614126
682,Solar PV,Solar PV (utility),2034,0.6898146275780164,0.6012563618714921
683,Solar PV,Solar PV (utility),2035,0.6922209667391144,0.6073993442114443
684,Solar PV,Solar PV (utility),2036,0.6936134907300584,0.6126950427424163
685,Solar PV,Solar PV (utility),2037,0.6943076673196629,0.6173704675165936
686,Solar PV,Solar PV (utility),2038,0.6946189641021192,0.6216526284115389
687,Solar PV,Solar PV (utility),2039,0.6948628489626572,0.6257685357122682
688,Solar PV,Solar PV (utility),2040,0.6953547894954681,0.6299451991799287
689,Solar PV,Solar PV (utility),2041,0.6964102533529513,0.6344096286338754
690,Solar PV,Solar PV (utility),2042,0.6983447084203362,0.639388834417332
691,Solar PV,Solar PV (utility),2043,0.7014736224082299,0.6451098264660686
692,Solar PV,Solar PV (utility),2044,0.7061124630272388,0.6517996144248173
693,Solar PV,Solar PV (utility),2045,0.7125766978715546,0.659685208578594
694,Solar PV,Solar PV (utility),2046,0.721181794826407,0.6689936188049614
695,Solar PV,Solar PV (utility),2047,0.7322432214277796,0.6799518552725203
696,Solar PV,Solar PV (utility),2048,0.74607644561911,0.6927869276260026
697,Solar PV,Solar PV (utility),2049,0.7629969349945895,0.707725846034009
698,Solar PV,Solar PV (utility),2050,0.783320157090202,0.7249956206069328
699,Solar PV,Solar PV (utility),2051,0.7643478260869565,0.7109826589595376
700,Solar PV,Solar PV (utility),2052,0.7643478260869565,0.7109826589595376
701,Solar PV,Solar PV (utility),2053,0.7643478260869565,0.7109826589595376
702,Solar PV,Solar PV (utility),2054,0.7643478260869565,0.7109826589595376
703,Solar PV,Solar PV (utility),2055,0.7643478260869565,0.7109826589595376
704,Solar PV,Solar PV (utility),2056,0.7643478260869565,0.7109826589595376
705,Solar PV,Solar PV (utility),2057,0.7643478260869565,0.7109826589595376
706,Solar PV,Solar PV (utility),2058,0.7643478260869565,0.7109826589595376
707,Solar PV,Solar PV (utility),2059,0.7643478260869565,0.7109826589595376
708,Solar PV,Solar PV (utility),2060,0.7643478260869565,0.7109826589595376
709,Solar PV,Solar PV (utility),2061,0.7643478260869565,0.7109826589595376
710,Solar PV,Solar PV (utility),2062,0.7643478260869565,0.7109826589595376
711,Solar PV,Solar PV (utility),2063,0.7643478260869565,0.7109826589595376
712,Solar PV,Solar PV (utility),2064,0.7643478260869565,0.7109826589595376
713,Solar PV,Solar PV (utility),2065,0.7643478260869565,0.7109826589595376
714,Steam Turbine,Steam Turbine (ST),2015,0.002392344547843095,0.0023923445696709678
715,Steam Turbine,Steam Turbine (ST),2016,0.0054987469120533206,0.005498746926605236
716,Steam Turbine,Steam Turbine (ST),2017,0.009047505176567938,0.009047505183843896
717,Steam Turbine,Steam Turbine (ST),2018,0.013013898424105719,0.013013898416829761
718,Steam Turbine,Steam Turbine (ST),2019,0.01737320577376522,0.01737320578104118
719,Steam Turbine,Steam Turbine (ST),2020,0.02210070633009309,0.022100706351920962
720,Steam Turbine,Steam Turbine (ST),2021,0.027171679226739798,0.02717167924856767
721,Steam Turbine,Steam Turbine (ST),2022,0.0325614035318722,0.03256140353914816
722,Steam Turbine,Steam Turbine (ST),2023,0.038245158379140776,0.03824515838641673
723,Steam Turbine,Steam Turbine (ST),2024,0.04419822285126429,0.04419822285854025
724,Steam Turbine,Steam Turbine (ST),2025,0.05039587606006535,0.05039587608189322
725,Steam Turbine,Steam Turbine (ST),2026,0.05681339713919442,0.056813397161022294
726,Steam Turbine,Steam Turbine (ST),2027,0.0634260651859222,0.06342606519319816
727,Steam Turbine,Steam Turbine (ST),2028,0.0702091592902434,0.07020915929751936
728,Steam Turbine,Steam Turbine (ST),2029,0.07713795854215277,0.07713795856398065
729,Steam Turbine,Steam Turbine (ST),2030,0.08418774208985269,0.08418774211168056
730,Steam Turbine,Steam Turbine (ST),2031,0.09133378903061384,0.09133378905244172
731,Steam Turbine,Steam Turbine (ST),2032,0.09855137846898288,0.09855137849081075
732,Steam Turbine,Steam Turbine (ST),2033,0.10581578950223047,0.10581578950950643
733,Steam Turbine,Steam Turbine (ST),2034,0.11310230122762732,0.11310230123490328
734,Steam Turbine,Steam Turbine (ST),2035,0.12038619277154794,0.12038619279337581
735,Steam Turbine,Steam Turbine (ST),2036,0.12764274323853897,0.12764274326036684
736,Steam Turbine,Steam Turbine (ST),2037,0.13484723174769897,0.13484723176225089
737,Steam Turbine,Steam Turbine (ST),2038,0.14197493737447076,0.1419749373817467
738,Steam Turbine,Steam Turbine (ST),2039,0.14900113923067693,0.14900113923795288
739,Steam Turbine,Steam Turbine (ST),2040,0.155901116442692,0.15590111646451987
740,Steam Turbine,Steam Turbine (ST),2041,0.16265014812961454,0.1626501481514424
741,Steam Turbine,Steam Turbine (ST),2042,0.16922351336688735,0.16922351338871522
742,Steam Turbine,Steam Turbine (ST),2043,0.17559649125905707,0.17559649126633303
743,Steam Turbine,Steam Turbine (ST),2044,0.18174436091794632,0.1817443609397742
744,Steam Turbine,Steam Turbine (ST),2045,0.1876424014699296,0.18764240149175748
745,Steam Turbine,Steam Turbine (ST),2046,0.19326589202682953,0.1932658920486574
746,Steam Turbine,Steam Turbine (ST),2047,0.1985901116640889,0.19859011168591678
747,Steam Turbine,Steam Turbine (ST),2048,0.2035903395153582,0.20359033952263417
748,Steam Turbine,Steam Turbine (ST),2049,0.2082418546488043,0.20824185465608025
749,Steam Turbine,Steam Turbine (ST),2050,0.2125199362199055,0.21251993624173338
750,Steam Turbine,Steam Turbine (ST),2051,0.21052631578947367,0.21052631578947364
751,Steam Turbine,Steam Turbine (ST),2052,0.21052631578947367,0.21052631578947364
752,Steam Turbine,Steam Turbine (ST),2053,0.21052631578947367,0.21052631578947364
753,Steam Turbine,Steam Turbine (ST),2054,0.21052631578947367,0.21052631578947364
754,Steam Turbine,Steam Turbine (ST),2055,0.21052631578947367,0.21052631578947364
755,Steam Turbine,Steam Turbine (ST),2056,0.21052631578947367,0.21052631578947364
756,Steam Turbine,Steam Turbine (ST),2057,0.21052631578947367,0.21052631578947364
757,Steam Turbine,Steam Turbine (ST),2058,0.21052631578947367,0.21052631578947364
758,Steam Turbine,Steam Turbine (ST),2059,0.21052631578947367,0.21052631578947364
759,Steam Turbine,Steam Turbine (ST),2060,0.21052631578947367,0.21052631578947364
760,Steam Turbine,Steam Turbine (ST),2061,0.21052631578947367,0.21052631578947364
761,Steam Turbine,Steam Turbine (ST),2062,0.21052631578947367,0.21052631578947364
762,Steam Turbine,Steam Turbine (ST),2063,0.21052631578947367,0.21052631578947364
763,Steam Turbine,Steam Turbine (ST),2064,0.21052631578947367,0.21052631578947364
764,Steam Turbine,Steam Turbine (ST),2065,0.21052631578947367,0.21052631578947364
765,Storage,Storage Adiabatic Compressed Air Energy,2015,-0.010822510857906309,-0.012516469112597406
766,Storage,Storage Adiabatic Compressed Air Energy,2016,-0.003962993218010524,-0.003987577696534572
767,Storage,Storage Adiabatic Compressed Air Energy,2017,0.0028682250958809163,0.004321852022258099
768,Storage,Storage Adiabatic Compressed Air Energy,2018,0.009675992575466807,0.012427630314050475
769,Storage,Storage Adiabatic Compressed Air Energy,2019,0.016465157702441502,0.02034556746002636
770,Storage,Storage Adiabatic Compressed Air Energy,2020,0.023240568964865815,0.02809147373045562
771,Storage,Storage Adiabatic Compressed Air Energy,2021,0.03000707484261511,0.035681159413798014
772,Storage,Storage Adiabatic Compressed Air Energy,2022,0.03676952382647869,0.04313043477668543
773,Storage,Storage Adiabatic Compressed Air Energy,2023,0.04353276439724141,0.05045511010757764
774,Storage,Storage Adiabatic Compressed Air Energy,2024,0.05030164503841661,0.05767099567310652
775,Storage,Storage Adiabatic Compressed Air Energy,2025,0.05708101424170309,0.06479390175445587
776,Storage,Storage Adiabatic Compressed Air Energy,2026,0.06387572048606671,0.07183963862553355
777,Storage,Storage Adiabatic Compressed Air Energy,2027,0.07069061226047779,0.0788240165602474
778,Storage,Storage Adiabatic Compressed Air Energy,2028,0.07753053804481169,0.08576284583978122
779,Storage,Storage Adiabatic Compressed Air Energy,2029,0.08440034632985771,0.09267193675259477
780,Storage,Storage Adiabatic Compressed Air Energy,2030,0.09130488559640071,0.09956709955804399
781,Storage,Storage Adiabatic Compressed Air Energy,2031,0.09824900432977302,0.10646414453731268
782,Storage,Storage Adiabatic Compressed Air Energy,2032,0.10523755101621646,0.11337888197158463
783,Storage,Storage Adiabatic Compressed Air Energy,2033,0.11227537414197286,0.12032712212749175
784,Storage,Storage Adiabatic Compressed Air Energy,2034,0.11936732219055557,0.12732467529713176
785,Storage,Storage Adiabatic Compressed Air Energy,2035,0.12651824364638742,0.13438735174349858
786,Storage,Storage Adiabatic Compressed Air Energy,2036,0.13373298699571023,0.14153096175505198
787,Storage,Storage Adiabatic Compressed Air Energy,2037,0.14101640072112787,0.14877131560569978
788,Storage,Storage Adiabatic Compressed Air Energy,2038,0.14837333330979163,0.1561242235620739
789,Storage,Storage Adiabatic Compressed Air Energy,2039,0.1558086332424864,0.16360549591263407
790,Storage,Storage Adiabatic Compressed Air Energy,2040,0.16332714901272993,0.1712309429240122
791,Storage,Storage Adiabatic Compressed Air Energy,2041,0.17093372909766913,0.17901637487739208
792,Storage,Storage Adiabatic Compressed Air Energy,2042,0.1786332219871838,0.1869776020575955
793,Storage,Storage Adiabatic Compressed Air Energy,2043,0.18643047616114927,0.19513043473125435
794,Storage,Storage Adiabatic Compressed Air Energy,2044,0.19433034011035488,0.2034906831831904
795,Storage,Storage Adiabatic Compressed Air Energy,2045,0.2023376623137665,0.21207415768367355
796,Storage,Storage Adiabatic Compressed Air Energy,2046,0.21045729126217338,0.22089666851024958
797,Storage,Storage Adiabatic Compressed Air Energy,2047,0.21869407543636044,0.22997402594046434
798,Storage,Storage Adiabatic Compressed Air Energy,2048,0.22705286332347896,0.23932204025186365
799,Storage,Storage Adiabatic Compressed Air Energy,2049,0.2355385034070423,0.24895652172563132
800,Storage,Storage Adiabatic Compressed Air Energy,2050,0.24415584417238279,0.2588932806283992
801,Storage,Storage Adiabatic Compressed Air Energy,2051,0.24857142857142855,0.2608695652173913
802,Storage,Storage Adiabatic Compressed Air Energy,2052,0.24857142857142855,0.2608695652173913
803,Storage,Storage Adiabatic Compressed Air Energy,2053,0.24857142857142855,0.2608695652173913
804,Storage,Storage Adiabatic Compressed Air Energy,2054,0.24857142857142855,0.2608695652173913
805,Storage,Storage Adiabatic Compressed Air Energy,2055,0.24857142857142855,0.2608695652173913
806,Storage,Storage Adiabatic Compressed Air Energy,2056,0.24857142857142855,0.2608695652173913
807,Storage,Storage Adiabatic Compressed Air Energy,2057,0.24857142857142855,0.2608695652173913
808,Storage,Storage Adiabatic Compressed Air Energy,2058,0.24857142857142855,0.2608695652173913
809,Storage,Storage Adiabatic Compressed Air Energy,2059,0.24857142857142855,0.2608695652173913
810,Storage,Storage Adiabatic Compressed Air Energy,2060,0.24857142857142855,0.2608695652173913
811,Storage,Storage Adiabatic Compressed Air Energy,2061,0.24857142857142855,0.2608695652173913
812,Storage,Storage Adiabatic Compressed Air Energy,2062,0.24857142857142855,0.2608695652173913
813,Storage,Storage Adiabatic Compressed Air Energy,2063,0.24857142857142855,0.2608695652173913
814,Storage,Storage Adiabatic Compressed Air Energy,2064,0.24857142857142855,0.2608695652173913
815,Storage,Storage Adiabatic Compressed Air Energy,2065,0.24857142857142855,0.2608695652173913
816,Storage,Storage Battery (prosumer),2015,-0.01762089875410311,0.03183123283088207
817,Storage,Storage Battery (prosumer),2016,0.05259487946750596,0.149006761261262
818,Storage,Storage Battery (prosumer),2017,0.11857800124562345,0.25556915206834674
819,Storage,Storage Battery (prosumer),2018,0.18046648026211187,0.35199660377111286
820,Storage,Storage Battery (prosumer),2019,0.23839833011152223,0.4387673137243837
821,Storage,Storage Battery (prosumer),2020,0.29251156459213234,0.5163594806799665
822,Storage,Storage Battery (prosumer),2021,0.34294419712387025,0.5852513021090999
823,Storage,Storage Battery (prosumer),2022,0.38983424147590995,0.6459209761815146
824,Storage,Storage Battery (prosumer),2023,0.4333197113010101,0.698846701416187
825,Storage,Storage Battery (prosumer),2024,0.4735386202519294,0.7445066749351099
826,Storage,Storage Battery (prosumer),2025,0.5106289819232188,0.7833790952572599
827,Storage,Storage Battery (prosumer),2026,0.5447288099967409,0.8159421609016135
828,Storage,Storage Battery (prosumer),2027,0.5759761180961505,0.8426740686409175
829,Storage,Storage Battery (prosumer),2028,0.6045089198451024,0.8640530179254711
830,Storage,Storage Battery (prosumer),2029,0.6304652289545629,0.8805572056444362
831,Storage,Storage Battery (prosumer),2030,0.6539830589899793,0.8926648304332048
832,Storage,Storage Battery (prosumer),2031,0.6752004236332141,0.9008540902286768
833,Storage,Storage Battery (prosumer),2032,0.6942553365661297,0.9056031826185063
834,Storage,Storage Battery (prosumer),2033,0.711285811412381,0.907390306587331
835,Storage,Storage Battery (prosumer),2034,0.7264298617956229,0.9066936590243131
836,Storage,Storage Battery (prosumer),2035,0.7398255012813024,0.9039914386812598
837,Storage,Storage Battery (prosumer),2036,0.7516107436968014,0.8997618434950709
838,Storage,Storage Battery (prosumer),2037,0.7619236024911515,0.894483071169816
839,Storage,Storage Battery (prosumer),2038,0.7709020915499423,0.8886333203408867
840,Storage,Storage Battery (prosumer),2039,0.7786842242639977,0.8826907881302759
841,Storage,Storage Battery (prosumer),2040,0.785408014402492,0.8771336734062061
842,Storage,Storage Battery (prosumer),2041,0.7912114755890798,0.8724401739891618
843,Storage,Storage Battery (prosumer),2042,0.7962326214765199,0.8690884873503819
844,Storage,Storage Battery (prosumer),2043,0.8006094656593632,0.8675568124745041
845,Storage,Storage Battery (prosumer),2044,0.80448002187768,0.8683233463671058
846,Storage,Storage Battery (prosumer),2045,0.8079823036969174,0.871866287663579
847,Storage,Storage Battery (prosumer),2046,0.8112543248280417,0.8786638345336542
848,Storage,Storage Battery (prosumer),2047,0.814434098865604,0.8891941845649853
849,Storage,Storage Battery (prosumer),2048,0.8176596394332591,0.9039355359273031
850,Storage,Storage Battery (prosumer),2049,0.8210689602128696,0.9233660866739228
851,Storage,Storage Battery (prosumer),2050,0.8248000748862978,0.9479640347417444
852,Storage,Storage Battery (prosumer),2051,0.8282524266518702,0.9232303991515656
853,Storage,Storage Battery (prosumer),2052,0.8282524266518702,0.9232303991515656
854,Storage,Storage Battery (prosumer),2053,0.8282524266518702,0.9232303991515656
855,Storage,Storage Battery (prosumer),2054,0.8282524266518702,0.9232303991515656
856,Storage,Storage Battery (prosumer),2055,0.8282524266518702,0.9232303991515656
857,Storage,Storage Battery (prosumer),2056,0.8282524266518702,0.9232303991515656
858,Storage,Storage Battery (prosumer),2057,0.8282524266518702,0.9232303991515656
859,Storage,Storage Battery (prosumer),2058,0.8282524266518702,0.9232303991515656
860,Storage,Storage Battery (prosumer),2059,0.8282524266518702,0.9232303991515656
861,Storage,Storage Battery (prosumer),2060,0.8282524266518702,0.9232303991515656
862,Storage,Storage Battery (prosumer),2061,0.8282524266518702,0.9232303991515656
863,Storage,Storage Battery (prosumer),2062,0.8282524266518702,0.9232303991515656
864,Storage,Storage Battery (prosumer),2063,0.8282524266518702,0.9232303991515656
865,Storage,Storage Battery (prosumer),2064,0.8282524266518702,0.9232303991515656
866,Storage,Storage Battery (prosumer),2065,0.8282524266518702,0.9232303991515656
867,Storage,Storage Gas,2015,0.0,0.0
868,Storage,Storage Gas,2016,0.0,0.0
869,Storage,Storage Gas,2017,0.0,0.0
870,Storage,Storage Gas,2018,0.0,0.0
871,Storage,Storage Gas,2019,0.0,0.0
872,Storage,Storage Gas,2020,0.0,0.0
873,Storage,Storage Gas,2021,0.0,0.0
874,Storage,Storage Gas,2022,0.0,0.0
875,Storage,Storage Gas,2023,0.0,0.0
876,Storage,Storage Gas,2024,0.0,0.0
877,Storage,Storage Gas,2025,0.0,0.0
878,Storage,Storage Gas,2026,0.0,0.0
879,Storage,Storage Gas,2027,0.0,0.0
880,Storage,Storage Gas,2028,0.0,0.0
881,Storage,Storage Gas,2029,0.0,0.0
882,Storage,Storage Gas,2030,0.0,0.0
883,Storage,Storage Gas,2031,0.0,0.0
884,Storage,Storage Gas,2032,0.0,0.0
885,Storage,Storage Gas,2033,0.0,0.0
886,Storage,Storage Gas,2034,0.0,0.0
887,Storage,Storage Gas,2035,0.0,0.0
888,Storage,Storage Gas,2036,0.0,0.0
889,Storage,Storage Gas,2037,0.0,0.0
890,Storage,Storage Gas,2038,0.0,0.0
891,Storage,Storage Gas,2039,0.0,0.0
892,Storage,Storage Gas,2040,0.0,0.0
893,Storage,Storage Gas,2041,0.0,0.0
894,Storage,Storage Gas,2042,0.0,0.0
895,Storage,Storage Gas,2043,0.0,0.0
896,Storage,Storage Gas,2044,0.0,0.0
897,Storage,Storage Gas,2045,0.0,0.0
898,Storage,Storage Gas,2046,0.0,0.0
899,Storage,Storage Gas,2047,0.0,0.0
900,Storage,Storage Gas,2048,0.0,0.0
901,Storage,Storage Gas,2049,0.0,0.0
902,Storage,Storage Gas,2050,0.0,0.0
903,Storage,Storage Gas,2051,0.0,0.0
904,Storage,Storage Gas,2052,0.0,0.0
905,Storage,Storage Gas,2053,0.0,0.0
906,Storage,Storage Gas,2054,0.0,0.0
907,Storage,Storage Gas,2055,0.0,0.0
908,Storage,Storage Gas,2056,0.0,0.0
909,Storage,Storage Gas,2057,0.0,0.0
910,Storage,Storage Gas,2058,0.0,0.0
911,Storage,Storage Gas,2059,0.0,0.0
912,Storage,Storage Gas,2060,0.0,0.0
913,Storage,Storage Gas,2061,0.0,0.0
914,Storage,Storage Gas,2062,0.0,0.0
915,Storage,Storage Gas,2063,0.0,0.0
916,Storage,Storage Gas,2064,0.0,0.0
917,Storage,Storage Gas,2065,0.0,0.0
918,Storage,Storage Pumped Hydro,2015,0.0,0.0
919,Storage,Storage Pumped Hydro,2016,0.0,0.0
920,Storage,Storage Pumped Hydro,2017,0.0,0.0
921,Storage,Storage Pumped Hydro,2018,0.0,0.0
922,Storage,Storage Pumped Hydro,2019,0.0,0.0
923,Storage,Storage Pumped Hydro,2020,0.0,0.0
924,Storage,Storage Pumped Hydro,2021,0.0,0.0
925,Storage,Storage Pumped Hydro,2022,0.0,0.0
926,Storage,Storage Pumped Hydro,2023,0.0,0.0
927,Storage,Storage Pumped Hydro,2024,0.0,0.0
928,Storage,Storage Pumped Hydro,2025,0.0,0.0
929,Storage,Storage Pumped Hydro,2026,0.0,0.0
930,Storage,Storage Pumped Hydro,2027,0.0,0.0
931,Storage,Storage Pumped Hydro,2028,0.0,0.0
932,Storage,Storage Pumped Hydro,2029,0.0,0.0
933,Storage,Storage Pumped Hydro,2030,0.0,0.0
934,Storage,Storage Pumped Hydro,2031,0.0,0.0
935,Storage,Storage Pumped Hydro,2032,0.0,0.0
936,Storage,Storage Pumped Hydro,2033,0.0,0.0
937,Storage,Storage Pumped Hydro,2034,0.0,0.0
938,Storage,Storage Pumped Hydro,2035,0.0,0.0
939,Storage,Storage Pumped Hydro,2036,0.0,0.0
940,Storage,Storage Pumped Hydro,2037,0.0,0.0
941,Storage,Storage Pumped Hydro,2038,0.0,0.0
942,Storage,Storage Pumped Hydro,2039,0.0,0.0
943,Storage,Storage Pumped Hydro,2040,0.0,0.0
944,Storage,Storage Pumped Hydro,2041,0.0,0.0
945,Storage,Storage Pumped Hydro,2042,0.0,0.0
946,Storage,Storage Pumped Hydro,2043,0.0,0.0
947,Storage,Storage Pumped Hydro,2044,0.0,0.0
948,Storage,Storage Pumped Hydro,2045,0.0,0.0
949,Storage,Storage Pumped Hydro,2046,0.0,0.0
950,Storage,Storage Pumped Hydro,2047,0.0,0.0
951,Storage,Storage Pumped Hydro,2048,0.0,0.0
952,Storage,Storage Pumped Hydro,2049,0.0,0.0
953,Storage,Storage Pumped Hydro,2050,0.0,0.0
954,Storage,Storage Pumped Hydro,2051,0.0,0.0
955,Storage,Storage Pumped Hydro,2052,0.0,0.0
956,Storage,Storage Pumped Hydro,2053,0.0,0.0
957,Storage,Storage Pumped Hydro,2054,0.0,0.0
958,Storage,Storage Pumped Hydro,2055,0.0,0.0
959,Storage,Storage Pumped Hydro,2056,0.0,0.0
960,Storage,Storage Pumped Hydro,2057,0.0,0.0
961,Storage,Storage Pumped Hydro,2058,0.0,0.0
962,Storage,Storage Pumped Hydro,2059,0.0,0.0
963,Storage,Storage Pumped Hydro,2060,0.0,0.0
964,Storage,Storage Pumped Hydro,2061,0.0,0.0
965,Storage,Storage Pumped Hydro,2062,0.0,0.0
966,Storage,Storage Pumped Hydro,2063,0.0,0.0
967,Storage,Storage Pumped Hydro,2064,0.0,0.0
968,Storage,Storage Pumped Hydro,2065,0.0,0.0
969,Waste-to-energy,Waste-to-energy,2015,0.0020661156850110274,0.002066115686830017
970,Waste-to-energy,Waste-to-energy,2016,0.011594035573580186,0.011594035577218165
971,Waste-to-energy,Waste-to-energy,2017,0.020848105856202892,0.02084810585984087
972,Waste-to-energy,Waste-to-energy,2018,0.02983812145794218,0.0298381214543042
973,Waste-to-energy,Waste-to-energy,2019,0.03857387728749018,0.03857387728203321
974,Waste-to-energy,Waste-to-energy,2020,0.04706516826081497,0.04706516826081497
975,Waste-to-energy,Waste-to-energy,2021,0.055321789304798585,0.055321789302979596
976,Waste-to-energy,Waste-to-energy,2022,0.0633535353354091,0.0633535353372281
977,Waste-to-energy,Waste-to-energy,2023,0.07117020127589058,0.07117020127770957
978,Waste-to-energy,Waste-to-energy,2024,0.0787815820403921,0.07878158204403007
979,Waste-to-energy,Waste-to-energy,2025,0.08619747254670074,0.08619747254851973
980,Waste-to-energy,Waste-to-energy,2026,0.09342766771624156,0.09342766771806055
981,Waste-to-energy,Waste-to-energy,2027,0.10048196247043961,0.10048196246862062
982,Waste-to-energy,Waste-to-energy,2028,0.10737015172526299,0.107370151723444
983,Waste-to-energy,Waste-to-energy,2029,0.11410203039486078,0.11410203039304179
984,Waste-to-energy,Waste-to-energy,2030,0.12068739340429602,0.12068739340247703
985,Waste-to-energy,Waste-to-energy,2031,0.12713603567135578,0.1271360356695368
986,Waste-to-energy,Waste-to-energy,2032,0.13345775211564614,0.13345775211564614
987,Waste-to-energy,Waste-to-energy,2033,0.13966233765313518,0.13966233765677316
988,Waste-to-energy,Waste-to-energy,2034,0.14575958720524795,0.14575958720706694
989,Waste-to-energy,Waste-to-energy,2035,0.15175929568977153,0.15175929569159052
990,Waste-to-energy,Waste-to-energy,2036,0.15767125802813098,0.157671258026312
991,Waste-to-energy,Waste-to-energy,2037,0.16350526913447538,0.1635052691326564
992,Waste-to-energy,Waste-to-energy,2038,0.1692711239302298,0.1692711239320488
993,Waste-to-energy,Waste-to-energy,2039,0.1749786173350003,0.1749786173368193
994,Waste-to-energy,Waste-to-energy,2040,0.18063754426839296,0.18063754426657397
995,Waste-to-energy,Waste-to-energy,2041,0.18625769964637584,0.18625769964455685
996,Waste-to-energy,Waste-to-energy,2042,0.19184887838673603,0.191848878390374
997,Waste-to-energy,Waste-to-energy,2043,0.19742087541271758,0.19742087541453657
998,Waste-to-energy,Waste-to-energy,2044,0.20298348564210755,0.20298348564028856
999,Waste-to-energy,Waste-to-energy,2045,0.20854650399087404,0.20854650398905505
1000,Waste-to-energy,Waste-to-energy,2046,0.21411972538589907,0.21411972538408008
1001,Waste-to-energy,Waste-to-energy,2047,0.2197129447304178,0.2197129447322368
1002,Waste-to-energy,Waste-to-energy,2048,0.2253359569585882,0.2253359569604072
1003,Waste-to-energy,Waste-to-energy,2049,0.2309985569863784,0.2309985569845594
1004,Waste-to-energy,Waste-to-energy,2050,0.23671053972793743,0.23671053972611844
1005,Waste-to-energy,Waste-to-energy,2051,0.2356902356902357,0.23569023569023567
1006,Waste-to-energy,Waste-to-energy,2052,0.2356902356902357,0.23569023569023567
1007,Waste-to-energy,Waste-to-energy,2053,0.2356902356902357,0.23569023569023567
1008,Waste-to-energy,Waste-to-energy,2054,0.2356902356902357,0.23569023569023567
1009,Waste-to-energy,Waste-to-energy,2055,0.2356902356902357,0.23569023569023567
1010,Waste-to-energy,Waste-to-energy,2056,0.2356902356902357,0.23569023569023567
1011,Waste-to-energy,Waste-to-energy,2057,0.2356902356902357,0.23569023569023567
1012,Waste-to-energy,Waste-to-energy,2058,0.2356902356902357,0.23569023569023567
1013,Waste-to-energy,Waste-to-energy,2059,0.2356902356902357,0.23569023569023567
1014,Waste-to-energy,Waste-to-energy,2060,0.2356902356902357,0.23569023569023567
1015,Waste-to-energy,Waste-to-energy,2061,0.2356902356902357,0.23569023569023567
1016,Waste-to-energy,Waste-to-energy,2062,0.2356902356902357,0.23569023569023567
1017,Waste-to-energy,Waste-to-energy,2063,0.2356902356902357,0.23569023569023567
1018,Waste-to-energy,Waste-to-energy,2064,0.2356902356902357,0.23569023569023567
1019,Waste-to-energy,Waste-to-energy,2065,0.2356902356902357,0.23569023569023567
1020,Wind (Offshore),Wind (Offshore),2015,0.00451722189609427,0.010427253757370636
1021,Wind (Offshore),Wind (Offshore),2016,0.02515587102243444,0.04509036196395755
1022,Wind (Offshore),Wind (Offshore),2017,0.04457949502830161,0.07726991083472967
1023,Wind (Offshore),Wind (Offshore),2018,0.06283251322020078,0.10708788674673997
1024,Wind (Offshore),Wind (Offshore),2019,0.07995934499194846,0.13466627628076822
1025,Wind (Offshore),Wind (Offshore),2020,0.09600440966460155,0.1601270660175942
1026,Wind (Offshore),Wind (Offshore),2021,0.11101212659559678,0.1835922422760632
1027,Wind (Offshore),Wind (Offshore),2022,0.12502691512054298,0.20518379169516265
1028,Wind (Offshore),Wind (Offshore),2023,0.1380931946041528,0.22502370076836087
1029,Wind (Offshore),Wind (Offshore),2024,0.15025538438931108,0.24323395593091846
1030,Wind (Offshore),Wind (Offshore),2025,0.16155790381890256,0.2599365437636152
1031,Wind (Offshore),Wind (Offshore),2026,0.17204517223581206,0.2752534507017117
1032,Wind (Offshore),Wind (Offshore),2027,0.18176160900475224,0.28930666323867626
1033,Wind (Offshore),Wind (Offshore),2028,0.19075163349043578,0.3022181680134963
1034,Wind (Offshore),Wind (Offshore),2029,0.19905966499936767,0.31410995131591335
1035,Wind (Offshore),Wind (Offshore),2030,0.20673012290353654,0.3251039998140186
1036,Wind (Offshore),Wind (Offshore),2031,0.21380742655310314,0.33532229997217655
1037,Wind (Offshore),Wind (Offshore),2032,0.22033599530550418,0.3448868382256478
1038,Wind (Offshore),Wind (Offshore),2033,0.2263602484817966,0.353919601184316
1039,Wind (Offshore),Wind (Offshore),2034,0.23192460545396898,0.36254257525433786
1040,Wind (Offshore),Wind (Offshore),2035,0.2370734855721821,0.37087774692918174
1041,Wind (Offshore),Wind (Offshore),2036,0.24185130816476885,0.3790471028187312
1042,Wind (Offshore),Wind (Offshore),2037,0.24630249258916592,0.3871726293582469
1043,Wind (Offshore),Wind (Offshore),2038,0.25047145818098215,0.39537631304119714
1044,Wind (Offshore),Wind (Offshore),2039,0.2544026243267581,0.4037801404192578
1045,Wind (Offshore),Wind (Offshore),2040,0.25814041034755064,0.41250609792768955
1046,Wind (Offshore),Wind (Offshore),2041,0.2617292356080725,0.42167617205996066
1047,Wind (Offshore),Wind (Offshore),2042,0.2652135194221046,0.4314123493968509
1048,Wind (Offshore),Wind (Offshore),2043,0.26863768118346343,0.4418366164318286
1049,Wind (Offshore),Wind (Offshore),2044,0.2720461402350338,0.4530709596001543
1050,Wind (Offshore),Wind (Offshore),2045,0.27548331588332076,0.4652373654244002
1051,Wind (Offshore),Wind (Offshore),2046,0.2789936275148648,0.47845782042713836
1052,Wind (Offshore),Wind (Offshore),2047,0.28262149447982665,0.49285431116004474
1053,Wind (Offshore),Wind (Offshore),2048,0.28641133610653924,0.5085488240292761
1054,Wind (Offshore),Wind (Offshore),2049,0.2904075717451633,0.5256633456156123
1055,Wind (Offshore),Wind (Offshore),2050,0.2946546207604115,0.544319862354314
1056,Wind (Offshore),Wind (Offshore),2051,0.2919254658385093,0.5346938775510205
1057,Wind (Offshore),Wind (Offshore),2052,0.2919254658385093,0.5346938775510205
1058,Wind (Offshore),Wind (Offshore),2053,0.2919254658385093,0.5346938775510205
1059,Wind (Offshore),Wind (Offshore),2054,0.2919254658385093,0.5346938775510205
1060,Wind (Offshore),Wind (Offshore),2055,0.2919254658385093,0.5346938775510205
1061,Wind (Offshore),Wind (Offshore),2056,0.2919254658385093,0.5346938775510205
1062,Wind (Offshore),Wind (Offshore),2057,0.2919254658385093,0.5346938775510205
1063,Wind (Offshore),Wind (Offshore),2058,0.2919254658385093,0.5346938775510205
1064,Wind (Offshore),Wind (Offshore),2059,0.2919254658385093,0.5346938775510205
1065,Wind (Offshore),Wind (Offshore),2060,0.2919254658385093,0.5346938775510205
1066,Wind (Offshore),Wind (Offshore),2061,0.2919254658385093,0.5346938775510205
1067,Wind (Offshore),Wind (Offshore),2062,0.2919254658385093,0.5346938775510205
1068,Wind (Offshore),Wind (Offshore),2063,0.2919254658385093,0.5346938775510205
1069,Wind (Offshore),Wind (Offshore),2064,0.2919254658385093,0.5346938775510205
1070,Wind (Offshore),Wind (Offshore),2065,0.2919254658385093,0.5346938775510205
1071,Wind (Onshore),Wind (Onshore),2015,-0.0020000000440631993,
1072,Wind (Onshore),Wind (Onshore),2016,0.01740342854463961,
1073,Wind (Onshore),Wind (Onshore),2017,0.0357874285618891,
1074,Wind (Onshore),Wind (Onshore),2018,0.05318399998941459,
1075,Wind (Onshore),Wind (Onshore),2019,0.06962514284532517,
1076,Wind (Onshore),Wind (Onshore),2020,0.085142857140454,
1077,Wind (Onshore),Wind (Onshore),2021,0.09976914286380634,
1078,Wind (Onshore),Wind (Onshore),2022,0.11353600001166342,
1079,Wind (Onshore),Wind (Onshore),2023,0.1264754285730305,
1080,Wind (Onshore),Wind (Onshore),2024,0.13861942857329268,
1081,Wind (Onshore),Wind (Onshore),2025,0.1500000000014552,
1082,Wind (Onshore),Wind (Onshore),2026,0.1606491428683512,
1083,Wind (Onshore),Wind (Onshore),2027,0.17059885715571,
1084,Wind (Onshore),Wind (Onshore),2028,0.17988114285981283,
1085,Wind (Onshore),Wind (Onshore),2029,0.1885280000133207,
1086,Wind (Onshore),Wind (Onshore),2030,0.196571428590687,
1087,Wind (Onshore),Wind (Onshore),2031,0.20404342858091695,
1088,Wind (Onshore),Wind (Onshore),2032,0.21097600000939565,
1089,Wind (Onshore),Wind (Onshore),2033,0.2174011428724043,
1090,Wind (Onshore),Wind (Onshore),2034,0.22335085716622416,
1091,Wind (Onshore),Wind (Onshore),2035,0.22885714287258452,
1092,Wind (Onshore),Wind (Onshore),2036,0.23395200000959449,
1093,Wind (Onshore),Wind (Onshore),2037,0.23866742858081125,
1094,Wind (Onshore),Wind (Onshore),2038,0.24303542858251603,
1095,Wind (Onshore),Wind (Onshore),2039,0.24708800001099007,
1096,Wind (Onshore),Wind (Onshore),2040,0.25085714285523864,
1097,Wind (Onshore),Wind (Onshore),2041,0.2543748571333708,
1098,Wind (Onshore),Wind (Onshore),2042,0.25767314286349574,
1099,Wind (Onshore),Wind (Onshore),2043,0.2607840000127908,
1100,Wind (Onshore),Wind (Onshore),2044,0.2637394285702612,
1101,Wind (Onshore),Wind (Onshore),2045,0.2665714285685681,
1102,Wind (Onshore),Wind (Onshore),2046,0.26931200001126854,
1103,Wind (Onshore),Wind (Onshore),2047,0.27199314287281595,
1104,Wind (Onshore),Wind (Onshore),2048,0.27464685714949155,
1105,Wind (Onshore),Wind (Onshore),2049,0.2773051428666804,
1106,Wind (Onshore),Wind (Onshore),2050,0.28000000001338776,
1107,Wind (Onshore),Wind (Onshore),2051,0.28,
1108,Wind (Onshore),Wind (Onshore),2052,0.28,
1109,Wind (Onshore),Wind (Onshore),2053,0.28,
1110,Wind (Onshore),Wind (Onshore),2054,0.28,
1111,Wind (Onshore),Wind (Onshore),2055,0.28,
1112,Wind (Onshore),Wind (Onshore),2056,0.28,
1113,Wind (Onshore),Wind (Onshore),2057,0.28,
1114,Wind (Onshore),Wind (Onshore),2058,0.28,
1115,Wind (Onshore),Wind (Onshore),2059,0.28,
1116,Wind (Onshore),Wind (Onshore),2060,0.28,
1117,Wind (Onshore),Wind (Onshore),2061,0.28,
1118,Wind (Onshore),Wind (Onshore),2062,0.28,
1119,Wind (Onshore),Wind (Onshore),2063,0.28,
1120,Wind (Onshore),Wind (Onshore),2064,0.28,
1121,Wind (Onshore),Wind (Onshore),2065,0.28,
